requirement,documents,tasks,verification,release_gate
FR-01,04|15|19,T02,cross-owner session artifact SSE tests,required
FR-02,03|08|12,T03|T04,version freeze and filter tests,required
FR-03,13|17|25,T04|T06,duplicate provision late callback TTL cleanup,required
FR-04,09|20,T07,cross-session flag and independent objective verifier,required
FR-05,05|06|21,T08|T10|T11,purple full-loop E2E,required
FR-06,13|14|16,T05,atomic outbox duplicate and stale fencing results,required
FR-07,10|22,T09|T12,ledger ordering gaps seek parity owner access,required
FR-08,10|23,T12,UNKNOWN confidence hint transfer exposure projection,required
FR-09,08|09,T03|T13,reference mutants seeds digest dual approval,required
FR-10,24|25,T14,stop drain rejudge export delete restore rehearsal,required
FR-11,19|21|28,later,specialized mode and virtual IAM path regression,later
FR-12,09|19|28,later,org isolation sharing consent contest policy,later
NFR-01,17|18,T06,IPv4 IPv6 DNS metadata mounts cross-lab limits,required
NFR-02,13|16|20,T05|T08,no lost accepted submission or duplicate active grade,required
NFR-03,14|25,T09|T14,retention deletion tombstone restored-backup tests,required
NFR-04,00|27,T14,designated hardware load latency quota fairness,required
NFR-05,07|26,T11,keyboard screenreader status and no-color-only tests,required
